repo,sha,created_at,label,n_runs,n_files,lines_added,lines_deleted,log_churn,n_functions_changed,n_modules,n_src_files,n_test_files,n_docs_files,n_dependency_files,n_config_files,ci_config_changed,n_db_related,n_security_related,src_without_tests,docs_only,is_pull_request,is_merge,msg_mentions_fix,hist_file_max_failure_rate,hist_file_mean_failure_rate,hist_file_mean_prior_changes,author_prior_commits,author_failure_rate,parent_known,parent_failed,repo_recent_failure_rate
sqlalchemy/alembic,87652ee288d2e0a4883394cd244f23b3e13c323e,2025-08-17T21:30:51+00:00,0,1,1.0,1.0,1.0,1.0986122886681098,1.0,1.0,1.0,0.0,0.0,0.0,0.0,0.0,1.0,0.0,1.0,0.0,1.0,0.0,1.0,0.0,0.0,0.0,0.0,0.0,0.0,0.0,0.0
sqlalchemy/alembic,b124576a6adf8d90ea0046c24ca0759919448421,2025-10-03T22:09:22+00:00,0,1,5.0,14.0,12.0,3.295836866004329,2.0,2.0,2.0,0.0,0.0,1.0,2.0,1.0,0.0,0.0,1.0,0.0,0.0,0.0,0.0,0.0,0.0,0.0,0.0,0.0,0.0,0.0,0.0
sqlalchemy/alembic,3c4d507cbcbd72fd4fef7f26376708cb109c2750,2025-10-04T00:44:53+00:00,0,1,5.0,21.0,13.0,3.5553480614894135,2.0,2.0,2.0,0.0,0.0,1.0,2.0,1.0,0.0,0.0,1.0,0.0,0.0,0.0,0.0,0.0,0.0,1.0,1.0,0.0,0.0,0.0,0.0
sqlalchemy/alembic,9533b11927b5a493466e61747ed3ce6d53b155ab,2025-10-06T20:19:42+00:00,0,1,2.0,23.0,15.0,3.6635616461296463,2.0,2.0,2.0,0.0,0.0,0.0,0.0,0.0,0.0,0.0,1.0,0.0,0.0,0.0,0.0,0.0,0.0,2.0,2.0,0.0,0.0,0.0,0.0
sqlalchemy/alembic,7b62925c8e1b63854cace21d3e0b9c6b90ee68e6,2025-10-06T20:37:44+00:00,0,1,3.0,29.0,5.0,3.5553480614894135,7.0,1.0,1.0,2.0,0.0,0.0,0.0,0.0,1.0,0.0,0.0,0.0,0.0,1.0,0.0,0.0,0.0,0.0,3.0,0.0,1.0,0.0,0.0
sqlalchemy/alembic,d11fa529562f291f38edd488bab652cd0346699b,2025-10-06T21:00:46+00:00,0,1,1.0,2.0,0.0,1.0986122886681098,1.0,0.0,0.0,1.0,0.0,0.0,0.0,0.0,0.0,0.0,0.0,0.0,0.0,1.0,1.0,0.0,0.0,0.0,4.0,0.0,1.0,0.0,0.0
sqlalchemy/alembic,60383b1cd9cc748705a3391d818ad3099e942c6b,2025-10-06T21:13:53+00:00,0,1,1.0,22.0,22.0,3.8066624897703196,1.0,1.0,1.0,0.0,0.0,0.0,0.0,0.0,0.0,0.0,1.0,0.0,0.0,0.0,0.0,0.0,0.0,3.0,5.0,0.0,1.0,0.0,0.0
sqlalchemy/alembic,728226c24c25ffe0e8ea6c9f75e7a42a0f3fb2b0,2025-10-07T02:53:42+00:00,0,1,1.0,3.0,2.0,1.791759469228055,1.0,1.0,1.0,0.0,0.0,0.0,0.0,0.0,0.0,0.0,1.0,0.0,0.0,0.0,0.0,0.0,0.0,4.0,6.0,0.0,1.0,0.0,0.0
sqlalchemy/alembic,3c8f63c64cce20d8e8518d820beea2823e72074e,2025-10-09T19:54:17+00:00,0,1,3.0,17.0,50.0,4.219507705176107,5.0,2.0,2.0,0.0,0.0,1.0,0.0,0.0,0.0,0.0,1.0,0.0,0.0,0.0,0.0,0.0,0.0,3.3333333333333335,7.0,0.0,1.0,0.0,0.0
sqlalchemy/alembic,470a7da04a440a328c70b288f2945aa12e71d066,2025-10-11T17:11:12+00:00,0,1,15.0,75.0,70.0,4.983606621708336,13.0,10.0,12.0,0.0,2.0,1.0,0.0,0.0,0.0,0.0,1.0,0.0,0.0,0.0,0.0,0.0,0.0,0.6,8.0,0.0,1.0,0.0,0.0
sqlalchemy/alembic,6672a3201f49019ad040302f44e680e949a228cb,2025-10-11T18:19:26+00:00,0,1,2.0,47.0,39.0,4.465908118654584,7.0,2.0,2.0,0.0,0.0,0.0,0.0,0.0,0.0,0.0,1.0,0.0,0.0,0.0,0.0,0.0,0.0,5.5,9.0,0.0,1.0,0.0,0.0
sqlalchemy/alembic,193852a7f8a203d3fb2da500f6cde9bdb212b264,2025-10-11T18:36:48+00:00,0,1,3.0,5.0,5.0,2.3978952727983707,0.0,0.0,0.0,0.0,0.0,1.0,2.0,0.0,0.0,0.0,0.0,0.0,0.0,0.0,0.0,0.0,0.0,1.3333333333333333,10.0,0.0,1.0,0.0,0.0
sqlalchemy/alembic,79fb96077bdc2bb2ae75d71f0562beed1f0e6b9b,2025-10-11T18:40:48+00:00,0,1,2.0,5.0,1.0,1.9459101490553132,0.0,1.0,1.0,0.0,1.0,0.0,0.0,0.0,0.0,0.0,1.0,0.0,0.0,0.0,0.0,0.0,0.0,1.0,11.0,0.0,0.0,0.0,0.0
sqlalchemy/alembic,709c0be4a2dca3ceef04aae432417fb76f2930c7,2025-10-18T20:09:10+00:00,0,1,2.0,23.0,29.0,3.970291913552122,5.0,2.0,2.0,0.0,0.0,0.0,0.0,0.0,0.0,0.0,1.0,0.0,0.0,0.0,0.0,0.0,0.0,6.5,12.0,0.0,1.0,0.0,0.0
sqlalchemy/alembic,3894b1f9a1b1685a01465f53886af9086e23d079,2025-10-28T09:05:32+00:00,0,1,2.0,17.0,0.0,2.8903717578961645,1.0,0.0,0.0,1.0,1.0,0.0,0.0,0.0,0.0,0.0,0.0,0.0,1.0,0.0,1.0,0.0,0.0,0.0,0.0,0.0,0.0,0.0,0.0
sqlalchemy/alembic,5716f3354063a9b8f1e7f3c80941c0851fcf91d0,2025-10-28T21:15:28+00:00,0,1,3.0,20.0,1.0,3.091042453358316,1.0,1.0,1.0,1.0,1.0,0.0,0.0,0.0,0.0,0.0,0.0,0.0,0.0,0.0,0.0,0.0,0.0,0.6666666666666666,1.0,0.0,1.0,0.0,0.0
sqlalchemy/alembic,51029b22e01227b6fe9ca7fb6fc4b29c7b454f51,2025-10-29T00:21:12+00:00,0,1,9.0,117.0,3.0,4.795790545596741,10.0,2.0,4.0,1.0,4.0,0.0,0.0,0.0,0.0,0.0,0.0,0.0,0.0,1.0,0.0,0.0,0.0,0.0,13.0,0.0,1.0,0.0,0.0
sqlalchemy/alembic,7ec36e940defcd966f1f6c6fcd3a8cc7f25cdfbc,2025-10-29T00:23:53+00:00,0,1,2.0,5.0,1.0,1.9459101490553132,0.0,1.0,1.0,0.0,1.0,0.0,0.0,0.0,0.0,0.0,1.0,0.0,0.0,0.0,0.0,0.0,0.0,2.0,13.0,0.0,0.0,0.0,0.0
sqlalchemy/alembic,3c3dd66cd77c62d6c721b0dfbc0b22b999f0c804,2025-10-29T12:54:27+00:00,0,1,2.0,58.0,10.0,4.23410650459726,3.0,2.0,2.0,0.0,0.0,0.0,0.0,0.0,0.0,0.0,1.0,0.0,0.0,1.0,0.0,0.0,0.0,7.5,15.0,0.0,1.0,0.0,0.0
sqlalchemy/alembic,abef1d86797a1883761197deb96b50e18344684d,2025-10-29T13:49:35+00:00,0,1,5.0,0.0,20.0,3.044522437723423,18.0,0.0,0.0,5.0,0.0,0.0,0.0,0.0,3.0,0.0,0.0,0.0,0.0,0.0,0.0,0.0,0.0,0.2,16.0,0.0,0.0,0.0,0.0
sqlalchemy/alembic,80c95fe17dde88e17686b7e199f2c0aafc734177,2025-11-01T05:03:37+00:00,0,1,4.0,104.0,4.0,4.6913478822291435,6.0,1.0,1.0,3.0,0.0,0.0,0.0,0.0,0.0,0.0,0.0,0.0,0.0,0.0,0.0,0.0,0.0,0.25,17.0,0.0,0.0,0.0,0.0
sqlalchemy/alembic,3edfb0f70e0d4f46905ac9db4f6067dc7e12402e,2025-11-04T22:06:16+00:00,0,1,2.0,2.0,1.0,1.3862943611198906,1.0,1.0,1.0,1.0,0.0,0.0,0.0,0.0,1.0,0.0,0.0,0.0,0.0,0.0,0.0,0.0,0.0,0.5,18.0,0.0,1.0,0.0,0.0
sqlalchemy/alembic,dcba64415a3ef898078f04890712add7a8d18789,2025-11-05T15:38:18+00:00,0,1,4.0,91.0,9.0,4.61512051684126,4.0,2.0,2.0,1.0,1.0,0.0,0.0,0.0,2.0,0.0,0.0,0.0,0.0,0.0,0.0,0.0,0.0,0.5,19.0,0.0,1.0,0.0,0.0
sqlalchemy/alembic,0d31153e2d11cfe8034d73e8142f9a154fc66634,2025-11-10T22:13:31+00:00,0,1,3.0,106.0,4.0,4.709530201312334,9.0,2.0,2.0,1.0,0.0,0.0,0.0,0.0,0.0,0.0,0.0,0.0,1.0,0.0,0.0,0.0,0.0,0.3333333333333333,0.0,0.0,1.0,0.0,0.0
sqlalchemy/alembic,5eef47af3f8f14ff736f60a7dd7adc3bbfa47c62,2025-11-12T16:10:25+00:00,0,1,1.0,3.0,2.0,1.791759469228055,1.0,1.0,1.0,0.0,0.0,0.0,0.0,0.0,0.0,0.0,1.0,0.0,1.0,0.0,0.0,0.0,0.0,2.0,1.0,0.0,0.0,0.0,0.0
sqlalchemy/alembic,74c54dd455ac8e5aecc24bdc597a7d2b401ae82c,2025-11-14T20:32:02+00:00,0,1,6.0,213.0,5.0,5.389071729816501,14.0,3.0,3.0,1.0,2.0,0.0,0.0,0.0,0.0,0.0,0.0,0.0,0.0,0.0,0.0,0.0,0.0,1.1666666666666667,2.0,0.0,1.0,0.0,0.0
sqlalchemy/alembic,0463f9c60769d32102101d33ecd9a7b9c0f4d7fc,2025-11-14T20:35:37+00:00,0,1,2.0,5.0,1.0,1.9459101490553132,0.0,1.0,1.0,0.0,1.0,0.0,0.0,0.0,0.0,0.0,1.0,0.0,0.0,0.0,0.0,0.0,0.0,3.0,20.0,0.0,0.0,0.0,0.0
sqlalchemy/alembic,bfbf3f0e34b3382939f72b6f997e035600d0c037,2025-11-15T18:32:47+00:00,0,1,3.0,16.0,13.0,3.4011973816621555,3.0,2.0,2.0,0.0,0.0,1.0,0.0,0.0,0.0,0.0,1.0,0.0,0.0,0.0,0.0,0.0,0.0,7.333333333333333,21.0,0.0,1.0,0.0,0.0
sqlalchemy/alembic,13c9b711144a8026d0f0d0406590a0c0ef659740,2025-11-19T22:32:20+00:00,0,1,2.0,17.0,3.0,3.044522437723423,2.0,1.0,1.0,0.0,0.0,1.0,0.0,0.0,0.0,0.0,1.0,0.0,0.0,0.0,0.0,0.0,0.0,3.0,0.0,0.0,1.0,0.0,0.0
sqlalchemy/alembic,4c42276f5a1c5f3c7d32e34fa6e6388f22d9f092,2025-11-20T20:55:26+00:00,0,1,4.0,220.0,0.0,5.3981627015177525,11.0,2.0,2.0,1.0,1.0,0.0,0.0,0.0,2.0,0.0,0.0,0.0,0.0,0.0,0.0,0.0,0.0,0.75,22.0,0.0,1.0,0.0,0.0
sqlalchemy/alembic,7c9a33ce6311f75c3f42fcbb2a3e6856f93ab48c,2025-11-20T22:26:22+00:00,0,1,4.0,106.0,0.0,4.672828834461906,8.0,2.0,2.0,1.0,1.0,0.0,0.0,0.0,0.0,0.0,0.0,0.0,0.0,1.0,0.0,0.0,0.0,0.25,23.0,0.0,1.0,0.0,0.0
sqlalchemy/alembic,52bf8a6ca4ad881597a6a4dd15eefa1433a4a259,2025-11-27T15:57:23+00:00,0,1,3.0,34.0,1.0,3.58351893845611,3.0,1.0,2.0,1.0,0.0,0.0,0.0,0.0,0.0,0.0,0.0,0.0,1.0,0.0,0.0,0.0,0.0,1.3333333333333333,0.0,0.0,1.0,0.0,0.0
sqlalchemy/alembic,22b1085efe6cba732054320c345f54b110d9b7cc,2025-11-30T16:42:42+00:00,0,1,2.0,2.0,2.0,1.6094379124341003,0.0,0.0,0.0,0.0,0.0,2.0,0.0,0.0,0.0,0.0,0.0,0.0,0.0,0.0,0.0,0.0,0.0,3.5,24.0,0.0,1.0,0.0,0.0
sqlalchemy/alembic,0155dbc0bcd1cdfe1b8d63623cfff5bd5b209b94,2025-12-03T20:30:53+00:00,0,1,1.0,23.0,6.0,3.4011973816621555,2.0,0.0,0.0,1.0,0.0,0.0,0.0,0.0,1.0,0.0,0.0,0.0,1.0,0.0,1.0,0.0,0.0,0.0,0.0,0.0,0.0,0.0,0.0
sqlalchemy/alembic,46c2b30a5bb153373d0178fb035cfdae094068c2,2025-12-10T22:26:57+00:00,0,1,1.0,1.0,1.0,1.0986122886681098,1.0,1.0,1.0,0.0,0.0,0.0,0.0,0.0,0.0,0.0,1.0,0.0,1.0,1.0,0.0,0.0,0.0,0.0,0.0,0.0,0.0,0.0,0.0
sqlalchemy/alembic,afd9a70644f6a59f0b795499230127b3d3a71279,2025-12-15T16:03:03+00:00,0,1,1.0,1.0,1.0,1.0986122886681098,1.0,1.0,1.0,0.0,0.0,0.0,0.0,0.0,0.0,0.0,1.0,0.0,1.0,0.0,0.0,0.0,0.0,2.0,0.0,0.0,0.0,0.0,0.0
sqlalchemy/alembic,feada2888143efad43c1581811f33dc8a2944a58,2025-12-16T14:22:36+00:00,0,1,2.0,2.0,2.0,1.6094379124341003,2.0,2.0,2.0,0.0,0.0,0.0,0.0,0.0,0.0,0.0,1.0,0.0,0.0,0.0,1.0,0.0,0.0,2.0,1.0,0.0,0.0,0.0,0.0
sqlalchemy/alembic,4fff3d29db492a9026cde0d4e3146f572d4280fc,2025-12-16T17:47:37+00:00,0,1,5.0,42.0,14.0,4.04305126783455,6.0,4.0,4.0,1.0,0.0,0.0,0.0,0.0,0.0,0.0,0.0,0.0,0.0,0.0,0.0,0.0,0.0,1.8,25.0,0.0,1.0,0.0,0.0
sqlalchemy/alembic,c94816e864f6d89842ebf248cf116031287d506e,2025-12-18T06:57:57+00:00,0,1,3.0,15.0,3.0,2.9444389791664403,3.0,1.0,2.0,0.0,1.0,0.0,0.0,0.0,1.0,0.0,1.0,0.0,0.0,0.0,0.0,0.0,0.0,0.0,1.0,0.0,1.0,0.0,0.0
sqlalchemy/alembic,7f3587ddf6d1fb69841c38af24d54e5e62a80a68,2025-12-20T22:10:21+00:00,0,1,5.0,6.0,6.0,2.5649493574615367,2.0,2.0,2.0,1.0,2.0,0.0,0.0,0.0,1.0,0.0,0.0,0.0,1.0,0.0,1.0,0.0,0.0,3.0,0.0,0.0,1.0,0.0,0.0
sqlalchemy/alembic,9b4e7da1ba577a2c8f7003837bce4ffc29cd461c,2025-12-22T19:47:54+00:00,0,1,5.0,6.0,6.0,2.5649493574615367,2.0,2.0,2.0,1.0,2.0,0.0,0.0,0.0,1.0,0.0,0.0,0.0,0.0,0.0,1.0,0.0,0.0,4.0,1.0,0.0,1.0,0.0,0.0
sqlalchemy/alembic,fd42cddc3eeb7f2594f50863a7e6b024f07d0b2c,2025-12-26T20:05:54+00:00,0,1,9.0,99.0,0.0,4.605170185988092,4.0,6.0,6.0,1.0,2.0,0.0,0.0,0.0,0.0,0.0,0.0,0.0,0.0,0.0,0.0,0.0,0.0,1.1111111111111112,26.0,0.0,0.0,0.0,0.0
sqlalchemy/alembic,ff71a4f2a769f3ae8aaad40799bba29b23fa16ce,2026-01-02T21:34:06+00:00,0,1,3.0,40.0,7.0,3.871201010907891,7.0,1.0,1.0,1.0,1.0,0.0,0.0,0.0,2.0,0.0,0.0,0.0,0.0,0.0,0.0,0.0,0.0,1.3333333333333333,27.0,0.0,1.0,0.0,0.0
sqlalchemy/alembic,f532224351f75467c6a90962f1edbb0abd162f41,2026-01-05T19:27:11+00:00,0,1,2.0,62.0,0.0,4.143134726391533,2.0,1.0,1.0,1.0,0.0,0.0,0.0,0.0,0.0,0.0,0.0,0.0,0.0,0.0,0.0,0.0,0.0,0.5,28.0,0.0,1.0,0.0,0.0
sqlalchemy/alembic,b1a287f868577e9ee338ec571b86bfdcc2050183,2026-01-09T20:51:42+00:00,0,1,8.0,498.0,44.0,6.297109319933935,37.0,2.0,6.0,1.0,1.0,0.0,0.0,0.0,2.0,0.0,0.0,0.0,0.0,0.0,0.0,0.0,0.0,1.0,29.0,0.0,1.0,0.0,0.0
sqlalchemy/alembic,9400ec85a13a9330509e67445b939d79662cc6cb,2026-01-09T21:18:14+00:00,0,1,2.0,2.0,2.0,1.6094379124341003,0.0,1.0,1.0,0.0,1.0,0.0,0.0,0.0,0.0,0.0,1.0,0.0,0.0,0.0,0.0,0.0,0.0,0.0,30.0,0.0,0.0,0.0,0.0
sqlalchemy/alembic,7955bac60d39e46428b05f691249fe53bad872de,2026-01-12T21:25:39+00:00,0,1,1.0,1.0,1.0,1.0986122886681098,0.0,1.0,1.0,0.0,0.0,0.0,0.0,0.0,0.0,0.0,1.0,0.0,0.0,0.0,1.0,0.0,0.0,0.0,2.0,0.0,0.0,0.0,0.0
sqlalchemy/alembic,32b98547842e14a171a4c0fd24808587a0da1935,2026-01-13T17:27:01+00:00,0,1,3.0,14.0,3.0,2.8903717578961645,2.0,1.0,1.0,0.0,2.0,0.0,0.0,0.0,0.0,0.0,1.0,0.0,0.0,0.0,0.0,0.0,0.0,2.6666666666666665,31.0,0.0,1.0,0.0,0.0
sqlalchemy/alembic,b36174eaa7f8723e5f9f579282147263e8c96241,2026-01-14T18:53:51+00:00,0,1,2.0,5.0,1.0,1.9459101490553132,0.0,1.0,1.0,0.0,1.0,0.0,0.0,0.0,0.0,0.0,1.0,0.0,0.0,0.0,0.0,0.0,0.0,5.5,32.0,0.0,0.0,0.0,0.0
sqlalchemy/alembic,8c0e2528af2fcec3dfaa731dbfb4805b62698d3c,2026-01-27T19:20:59+00:00,0,1,8.0,58.0,48.0,4.672828834461906,8.0,3.0,4.0,3.0,1.0,0.0,0.0,0.0,1.0,0.0,0.0,0.0,0.0,1.0,0.0,0.0,0.0,1.75,33.0,0.0,0.0,0.0,0.0
sqlalchemy/alembic,8bf6926bb386018ff41a7c92a5eb55ef56bed175,2026-01-28T13:30:15+00:00,0,1,9.0,250.0,11.0,5.568344503761097,18.0,3.0,6.0,2.0,1.0,0.0,0.0,0.0,0.0,0.0,0.0,0.0,0.0,0.0,0.0,0.0,0.0,2.2222222222222223,34.0,0.0,1.0,0.0,0.0
sqlalchemy/alembic,3faea256be67f9d7c5ccd4379c342922f489981b,2026-01-28T21:24:04+00:00,0,1,2.0,5.0,1.0,1.9459101490553132,0.0,1.0,1.0,0.0,1.0,0.0,0.0,0.0,0.0,0.0,1.0,0.0,0.0,0.0,0.0,0.0,0.0,6.5,35.0,0.0,0.0,0.0,0.0
sqlalchemy/alembic,3e5c8db640266e63609bd9dae294b1f5dc68bdfa,2026-01-29T19:35:12+00:00,0,1,3.0,11.0,9.0,3.044522437723423,0.0,0.0,0.0,0.0,2.0,1.0,0.0,0.0,0.0,0.0,0.0,0.0,0.0,0.0,0.0,0.0,0.0,5.666666666666667,36.0,0.0,0.0,0.0,0.0
sqlalchemy/alembic,6e5f1eed202939d698aa9b5d121b6a617ab487e2,2026-01-29T20:09:15+00:00,0,1,4.0,537.0,0.0,6.2878585601617845,14.0,2.0,2.0,1.0,1.0,0.0,0.0,0.0,1.0,0.0,0.0,0.0,0.0,1.0,0.0,0.0,0.0,1.25,37.0,0.0,1.0,0.0,0.0
sqlalchemy/alembic,db205910248dabc8ff704783c595102bb2ac3453,2026-01-29T20:24:59+00:00,0,1,2.0,5.0,1.0,1.9459101490553132,0.0,1.0,1.0,0.0,1.0,0.0,0.0,0.0,0.0,0.0,1.0,0.0,0.0,0.0,0.0,0.0,0.0,8.0,37.0,0.0,0.0,0.0,0.0
sqlalchemy/alembic,5031ce9a751d51f0b6d81b643ba6c427760fc539,2026-02-04T22:56:54+00:00,0,1,1.0,24.0,9.0,3.5263605246161616,2.0,0.0,0.0,1.0,0.0,0.0,0.0,0.0,1.0,0.0,0.0,0.0,1.0,0.0,1.0,0.0,0.0,1.0,1.0,0.0,0.0,0.0,0.0
sqlalchemy/alembic,fa35ee9264cb0cbe25729c753595f7a6ebbd3f70,2026-02-10T15:24:13+00:00,0,1,11.0,127.0,13.0,4.948759890378168,19.0,3.0,6.0,3.0,2.0,0.0,0.0,0.0,1.0,0.0,0.0,0.0,0.0,0.0,1.0,0.0,0.0,3.909090909090909,39.0,0.0,0.0,0.0,0.0
sqlalchemy/alembic,b844a9cd9bbb8fb4a51ad1de73bb4af277dda538,2026-02-10T15:57:18+00:00,0,1,4.0,157.0,45.0,5.313205979041787,3.0,2.0,3.0,0.0,1.0,0.0,0.0,0.0,0.0,0.0,1.0,0.0,0.0,0.0,0.0,0.0,0.0,7.25,40.0,0.0,1.0,0.0,0.0
sqlalchemy/alembic,285424809f75410e833799527784b70a833d6220,2026-02-10T16:01:25+00:00,0,1,2.0,5.0,1.0,1.9459101490553132,0.0,1.0,1.0,0.0,1.0,0.0,0.0,0.0,0.0,0.0,1.0,0.0,0.0,0.0,0.0,0.0,0.0,9.5,40.0,0.0,0.0,0.0,0.0
sqlalchemy/alembic,a0f9b6d929b7124fbc9c4c0d4d8191f57a42222d,2026-02-21T18:36:32+00:00,0,1,2.0,35.0,0.0,3.58351893845611,2.0,1.0,1.0,1.0,0.0,0.0,0.0,0.0,0.0,0.0,0.0,0.0,1.0,0.0,0.0,0.0,0.0,2.0,0.0,0.0,1.0,0.0,0.0
sqlalchemy/alembic,637159a95a3d9d7b30d1c9959b2c69ed5cc8e2e1,2026-02-23T22:58:31+00:00,0,1,3.0,50.0,0.0,3.9318256327243257,2.0,1.0,1.0,1.0,1.0,0.0,0.0,0.0,0.0,0.0,0.0,0.0,0.0,0.0,0.0,0.0,0.0,2.0,1.0,0.0,1.0,0.0,0.0
sqlalchemy/alembic,422e424be7602aaf7d66e42a2d9cb369c2fa6239,2026-03-02T16:28:59+00:00,0,1,1.0,12.0,0.0,2.5649493574615367,1.0,0.0,0.0,1.0,0.0,0.0,0.0,0.0,0.0,0.0,0.0,0.0,0.0,1.0,0.0,0.0,0.0,0.0,42.0,0.0,1.0,0.0,0.0
sqlalchemy/alembic,c375f68d1ab18b19efc7b3d161f1ed9cf841b9b7,2026-03-06T16:27:21+00:00,0,1,1.0,1.0,1.0,1.0986122886681098,0.0,0.0,0.0,1.0,0.0,0.0,0.0,0.0,0.0,0.0,0.0,0.0,0.0,0.0,0.0,0.0,0.0,1.0,43.0,0.0,1.0,0.0,0.0
sqlalchemy/alembic,7b510dc52c7e931f393b6387f183bf888a08dee9,2026-03-06T16:36:12+00:00,0,1,3.0,102.0,0.0,4.634728988229636,3.0,1.0,1.0,1.0,1.0,0.0,0.0,0.0,2.0,0.0,0.0,0.0,0.0,0.0,1.0,0.0,0.0,0.6666666666666666,0.0,0.0,1.0,0.0,0.0
sqlalchemy/alembic,e20d116aa2e23dffe64241f50fc744d912615540,2026-04-20T20:19:54+00:00,0,1,4.0,5.0,5.0,2.3978952727983707,5.0,3.0,4.0,0.0,0.0,0.0,0.0,0.0,0.0,0.0,1.0,0.0,1.0,0.0,1.0,0.0,0.0,5.5,0.0,0.0,0.0,0.0,0.0
sqlalchemy/alembic,0ab90276fc583d52e31e95d3f59b4b6c00ec39ee,2026-04-20T21:11:32+00:00,0,1,4.0,5.0,5.0,2.3978952727983707,5.0,3.0,4.0,0.0,0.0,0.0,0.0,0.0,0.0,0.0,1.0,0.0,0.0,0.0,1.0,0.0,0.0,6.5,0.0,0.0,0.0,0.0,0.0
sqlalchemy/alembic,7b9d377b4b9acbe8cd78d48c5bd3f0f16d40331e,2026-04-24T14:06:27+00:00,0,1,3.0,64.0,1.0,4.189654742026425,3.0,1.0,1.0,1.0,1.0,0.0,0.0,0.0,0.0,0.0,0.0,0.0,0.0,1.0,1.0,0.0,0.0,0.6666666666666666,44.0,0.0,1.0,0.0,0.0
sqlalchemy/alembic,4d1e38cac1080d7ed7c3c952814e3e3bbcf9dd13,2026-04-24T21:28:47+00:00,0,1,3.0,193.0,2.0,5.278114659230517,22.0,1.0,1.0,1.0,1.0,0.0,0.0,0.0,0.0,0.0,0.0,0.0,0.0,0.0,0.0,0.0,0.0,0.6666666666666666,45.0,0.0,1.0,0.0,0.0
sqlalchemy/alembic,5f02bbf6f038b3df6d06c4684e0c50e982d2c04b,2026-05-02T09:25:00+00:00,1,1,8.0,1027.0,3.0,6.93828448401696,43.0,4.0,7.0,1.0,0.0,0.0,0.0,0.0,0.0,0.0,0.0,0.0,1.0,0.0,0.0,0.0,0.0,1.125,0.0,0.0,1.0,0.0,0.0
sqlalchemy/alembic,b0c36edd1ba11d31236e70b0a821e9a1c926275a,2026-05-04T03:48:12+00:00,1,1,2.0,13.0,3.0,2.833213344056216,2.0,2.0,2.0,0.0,0.0,0.0,0.0,0.0,0.0,0.0,1.0,0.0,1.0,0.0,1.0,1.0,1.0,0.5,1.0,1.0,1.0,1.0,0.05
sqlalchemy/alembic,e76669141e416f20916479409a0f538fb1a504b3,2026-05-31T13:27:37+00:00,1,1,1.0,36.0,0.0,3.6109179126442243,0.0,0.0,0.0,0.0,0.0,0.0,1.0,1.0,0.0,0.0,0.0,0.0,0.0,0.0,0.0,0.0,0.0,0.0,46.0,0.0,1.0,0.0,0.1
sqlalchemy/alembic,ab5f25d711b8b7920127155b96c87a9332a780ef,2026-05-31T13:28:56+00:00,1,1,2.0,4.0,4.0,2.1972245773362196,0.0,0.0,0.0,0.0,0.0,0.0,2.0,1.0,0.0,0.0,0.0,0.0,1.0,0.0,0.0,0.0,0.0,2.0,0.0,0.0,0.0,0.0,0.1
sqlalchemy/alembic,02202b4edd0f3c856431ac401b4888e4dabb6862,2026-05-31T13:28:59+00:00,1,1,2.0,4.0,4.0,2.1972245773362196,0.0,0.0,0.0,0.0,0.0,0.0,2.0,1.0,0.0,0.0,0.0,0.0,1.0,0.0,0.0,0.0,0.0,2.0,0.0,0.0,0.0,0.0,0.1
sqlalchemy/alembic,62fe7a2a2d08083f16f470fb5ccf5f15f1af0fc6,2026-05-31T13:29:14+00:00,1,1,1.0,2.0,2.0,1.6094379124341003,0.0,0.0,0.0,0.0,0.0,1.0,0.0,0.0,0.0,0.0,0.0,0.0,1.0,0.0,0.0,0.0,0.0,9.0,0.0,0.0,0.0,0.0,0.1
sqlalchemy/alembic,0b0c3a6e2660c6b27a914691504244e47fecea13,2026-05-31T13:47:35+00:00,0,1,1.0,1.0,1.0,1.0986122886681098,0.0,1.0,1.0,0.0,0.0,0.0,0.0,0.0,0.0,0.0,1.0,0.0,0.0,0.0,1.0,0.0,0.0,1.0,47.0,0.02127659574468085,1.0,1.0,0.3
sqlalchemy/alembic,a7d897a83689ee3c9ebcfd46251e304fb70197b4,2026-05-31T13:51:13+00:00,0,1,2.0,4.0,4.0,2.1972245773362196,0.0,0.0,0.0,0.0,0.0,0.0,2.0,1.0,0.0,0.0,0.0,0.0,1.0,0.0,0.0,0.5,0.5,4.0,3.0,1.0,1.0,0.0,0.3
sqlalchemy/alembic,2c77a22662464997123c9ddfb7e20b55c0df05ef,2026-05-31T13:51:47+00:00,0,2,2.0,4.0,4.0,2.1972245773362196,0.0,0.0,0.0,0.0,0.0,0.0,2.0,1.0,0.0,0.0,0.0,0.0,1.0,0.0,0.0,0.5,0.5,4.0,3.0,1.0,1.0,0.0,0.3
sqlalchemy/alembic,3299fada4eadfda5c188a4b72ff7b3f56da47bf0,2026-05-31T13:56:56+00:00,0,1,2.0,4.0,4.0,2.1972245773362196,0.0,0.0,0.0,0.0,0.0,0.0,2.0,1.0,0.0,0.0,0.0,0.0,1.0,0.0,0.0,0.4,0.4,5.0,4.0,0.75,0.0,0.0,0.3
sqlalchemy/alembic,0e8810db7addccc05a6e54c3468bfa06df572f7a,2026-05-31T13:59:41+00:00,0,1,1.0,1.0,1.0,1.0986122886681098,0.0,0.0,0.0,0.0,0.0,1.0,0.0,0.0,0.0,0.0,0.0,0.0,0.0,0.0,0.0,0.1,0.1,10.0,48.0,0.020833333333333332,1.0,0.0,0.3
sqlalchemy/alembic,7c84363988a084b34649051b2b52eb14dabe0011,2026-05-31T14:03:33+00:00,0,2,2.0,4.0,4.0,2.1972245773362196,0.0,0.0,0.0,0.0,0.0,0.0,2.0,1.0,0.0,0.0,0.0,0.0,1.0,0.0,0.0,0.2857142857142857,0.2857142857142857,7.0,6.0,0.5,1.0,0.0,0.3
sqlalchemy/alembic,96fb84812ed7fe3ba1a8d6fd7e8cd1ba9a3c4b37,2026-05-31T16:51:26+00:00,0,1,1.0,1.0,1.0,1.0986122886681098,0.0,0.0,0.0,0.0,0.0,1.0,0.0,0.0,0.0,0.0,0.0,0.0,0.0,0.0,1.0,0.09090909090909091,0.09090909090909091,11.0,49.0,0.02040816326530612,1.0,0.0,0.3
sqlalchemy/alembic,3f27f800a2360925fb6265c542d21ccd95e7e959,2026-06-22T11:25:02+00:00,0,1,2.0,4.0,4.0,2.1972245773362196,0.0,0.0,0.0,0.0,0.0,0.0,2.0,1.0,0.0,0.0,0.0,0.0,1.0,0.0,0.0,0.25,0.25,8.0,7.0,0.42857142857142855,1.0,0.0,0.3
sqlalchemy/alembic,b99b54c8bd48ce145fe664e36853c68e0d03bb8b,2026-06-25T15:19:07+00:00,0,1,3.0,43.0,0.0,3.784189633918261,2.0,1.0,1.0,1.0,1.0,0.0,0.0,0.0,0.0,0.0,0.0,0.0,0.0,0.0,1.0,0.0,0.0,3.0,50.0,0.02,1.0,0.0,0.3
sqlalchemy/alembic,072ff7e99c25d64d10cf9a7b7a071d2d09ade65e,2026-06-25T15:21:28+00:00,0,1,2.0,5.0,1.0,1.9459101490553132,0.0,1.0,1.0,0.0,1.0,0.0,0.0,0.0,0.0,0.0,1.0,0.0,0.0,0.0,0.0,0.0,0.0,11.0,50.0,0.02,0.0,0.0,0.3
sqlalchemy/alembic,c88fa5afaf2b9783a58a918f3fc73abc44daa0a9,2026-06-30T21:01:58+00:00,0,1,2.0,4.0,4.0,2.1972245773362196,0.0,0.0,0.0,0.0,0.0,0.0,2.0,1.0,0.0,0.0,0.0,0.0,0.0,0.0,0.0,0.2222222222222222,0.2222222222222222,9.0,8.0,0.375,1.0,0.0,0.3
sqlalchemy/alembic,7b2af57eba318a712b7b4f79c7bc6b3669055636,2026-07-16T17:14:06+00:00,0,1,29.0,175.0,354.0,6.272877006546167,92.0,8.0,15.0,11.0,1.0,1.0,1.0,0.0,4.0,0.0,0.0,0.0,0.0,0.0,0.0,1.0,0.0875,2.689655172413793,52.0,0.019230769230769232,1.0,0.0,0.3
sqlalchemy/alembic,95357714acffcaf25fc03f490ab0801bf625412b,2026-07-20T11:25:27+00:00,0,1,2.0,4.0,4.0,2.1972245773362196,0.0,0.0,0.0,0.0,0.0,0.0,2.0,1.0,0.0,0.0,0.0,0.0,1.0,0.0,0.0,0.2,0.2,10.0,9.0,0.3333333333333333,1.0,0.0,0.3
sqlalchemy/alembic,8fc93c4c68c28038c7d15e595cdc6d13cabccfe1,2026-07-30T14:02:30+00:00,1,1,3.0,44.0,1.0,3.828641396489095,2.0,1.0,1.0,1.0,1.0,0.0,0.0,0.0,1.0,0.0,0.0,0.0,1.0,0.0,0.0,0.0,0.0,1.6666666666666667,0.0,0.0,1.0,0.0,0.3
sqlalchemy/alembic,5faedb28742f830edde8be7dbdc1db633e64ae2b,2026-08-03T14:43:58+00:00,0,1,3.0,26.0,4.0,3.4339872044851463,4.0,1.0,1.0,1.0,1.0,0.0,0.0,0.0,1.0,0.0,0.0,0.0,0.0,0.0,0.0,0.0,0.0,2.0,0.0,0.0,1.0,0.0,0.3
sqlalchemy/alembic,0302d42863a2f3c192ba9895c3827236b857b883,2026-08-03T15:07:26+00:00,0,1,16.0,1209.0,5.0,7.102499355774649,51.0,6.0,10.0,3.0,3.0,0.0,0.0,0.0,0.0,0.0,0.0,0.0,0.0,1.0,0.0,1.0,0.5281385281385281,2.25,53.0,0.018867924528301886,1.0,0.0,0.3
sqlalchemy/alembic,7a4a9b73ccc59d216d227293db108d04b933d939,2026-08-04T00:45:19+00:00,0,1,4.0,15.0,2.0,2.8903717578961645,1.0,3.0,3.0,0.0,0.0,1.0,0.0,0.0,0.0,0.0,1.0,0.0,0.0,0.0,0.0,0.07692307692307693,0.025641025641025644,6.5,54.0,0.018518518518518517,0.0,0.0,0.25
sqlalchemy/alembic,2367bacc799110604990acded3663716f6f0fae9,2026-08-04T18:57:39+00:00,0,1,2.0,5.0,1.0,1.9459101490553132,0.0,1.0,1.0,0.0,1.0,0.0,0.0,0.0,0.0,0.0,1.0,0.0,0.0,0.0,0.0,0.0,0.0,13.0,55.0,0.01818181818181818,0.0,0.0,0.2
sqlalchemy/alembic,85af8bac62c3178b6712421dbbba4e30a2bbfc2f,2026-08-04T20:51:40+00:00,0,1,2.0,4.0,0.0,1.6094379124341003,0.0,0.0,0.0,0.0,0.0,0.0,2.0,1.0,0.0,0.0,0.0,0.0,0.0,0.0,0.0,0.18181818181818182,0.18181818181818182,11.0,56.0,0.017857142857142856,0.0,0.0,0.15
sqlalchemy/alembic,20e58db01cad3432c24734e11b893303cdb687a4,2026-08-08T16:46:00+00:00,0,1,2.0,5.0,1.0,1.9459101490553132,0.0,1.0,1.0,0.0,1.0,0.0,0.0,0.0,0.0,0.0,1.0,0.0,0.0,0.0,0.0,0.0,0.0,14.0,57.0,0.017543859649122806,0.0,0.0,0.1
sqlalchemy/alembic,5551b5d35f985c99cb8f1af2b3c526b050e4c059,2026-08-10T22:28:28+00:00,0,1,4.0,87.0,24.0,4.718498871295094,0.0,0.0,0.0,0.0,4.0,0.0,4.0,1.0,0.0,0.0,0.0,1.0,0.0,0.0,0.0,0.0,0.0,0.0,58.0,0.017241379310344827,1.0,0.0,0.05
sqlalchemy/alembic,2d1f834fc1a59308aa0e3044b0666378c1fc4835,2026-08-11T05:53:01+00:00,0,1,1.0,0.0,9.0,2.302585092994046,0.0,0.0,0.0,0.0,1.0,0.0,0.0,0.0,0.0,0.0,0.0,1.0,1.0,0.0,0.0,0.0,0.0,0.0,0.0,0.0,0.0,0.0,0.0
sqlalchemy/alembic,dac4723c0c60d8e6aaa4474b369aa20e82cdc618,2026-08-12T14:11:44+00:00,0,1,3.0,3.0,3.0,1.9459101490553132,1.0,1.0,1.0,0.0,0.0,1.0,1.0,0.0,0.0,0.0,1.0,0.0,0.0,0.0,0.0,0.07142857142857142,0.023809523809523808,9.0,59.0,0.01694915254237288,1.0,0.0,0.0
sqlalchemy/alembic,36a42d5934050181dfd28441567c4b94a9a4c0c1,2026-08-12T19:03:58+00:00,0,1,2.0,5.0,2.0,2.0794415416798357,2.0,1.0,2.0,0.0,0.0,0.0,0.0,0.0,0.0,0.0,1.0,0.0,1.0,0.0,1.0,0.0,0.0,9.5,0.0,0.0,1.0,0.0,0.0
sqlalchemy/alembic,c116cbc0f39d9df2b4ce5f1871043a622ca8774f,2026-08-14T07:40:31+00:00,0,1,2.0,5.0,2.0,2.0794415416798357,2.0,1.0,2.0,0.0,0.0,0.0,0.0,0.0,0.0,0.0,1.0,0.0,0.0,0.0,1.0,0.0,0.0,10.5,1.0,0.0,1.0,0.0,0.0
sqlalchemy/alembic,2e1f1599965ccc841b97f097acc5c59c42f6e65c,2026-09-02T19:33:24+00:00,1,1,9.0,178.0,48.0,5.424950017481403,17.0,4.0,6.0,2.0,1.0,0.0,0.0,0.0,1.0,0.0,0.0,0.0,0.0,0.0,0.0,0.25,0.09999999999999999,2.6666666666666665,0.0,0.0,1.0,0.0,0.05
sqlalchemy/alembic,da25215f7049f4855a12490c3764a47a03d34086,2026-09-03T20:03:12+00:00,0,1,1.0,3.0,0.0,1.3862943611198906,0.0,0.0,0.0,0.0,0.0,0.0,1.0,1.0,0.0,0.0,0.0,0.0,0.0,0.0,0.0,0.16666666666666666,0.16666666666666666,12.0,3.0,0.0,1.0,1.0,0.1
sqlalchemy/alembic,b4b0524c0382f91cddcbf3482da1bc35047340e4,2026-09-04T17:05:46+00:00,0,1,15.0,952.0,576.0,7.332369205929062,72.0,5.0,8.0,4.0,3.0,0.0,0.0,0.0,1.0,0.0,0.0,0.0,0.0,1.0,0.0,0.6666666666666666,0.2121212121212121,1.6,60.0,0.016666666666666666,1.0,0.0,0.1
sqlalchemy/alembic,0d1df2478752124e5f1fa3436da125c4954d5dda,2026-09-04T17:15:20+00:00,0,1,2.0,5.0,1.0,1.9459101490553132,0.0,1.0,1.0,0.0,1.0,0.0,0.0,0.0,0.0,0.0,1.0,0.0,0.0,0.0,0.0,0.0,0.0,15.0,60.0,0.016666666666666666,0.0,0.0,0.1
sqlalchemy/alembic,bc025b03a4dd81e6b9d7999546b69a7405cac934,2026-09-08T17:12:51+00:00,0,1,4.0,358.0,98.0,6.124683390894205,26.0,1.0,1.0,2.0,1.0,0.0,0.0,0.0,2.0,0.0,0.0,0.0,0.0,0.0,0.0,0.0,0.0,1.75,62.0,0.016129032258064516,1.0,0.0,0.1
sqlalchemy/alembic,d4f380b7244f82d51df55d89ad33aa87d52a593c,2026-09-08T18:02:36+00:00,0,1,28.0,60.0,440.0,6.2166061010848646,57.0,7.0,14.0,8.0,2.0,1.0,3.0,1.0,4.0,0.0,0.0,0.0,0.0,0.0,0.0,0.5,0.0907051282051282,4.5,63.0,0.015873015873015872,1.0,0.0,0.1
sqlalchemy/alembic,252bf0ae69db0e7e1ef1ed20e9b1203a07c18292,2026-09-08T18:33:40+00:00,0,1,6.0,355.0,5.0,5.8888779583328805,17.0,2.0,2.0,1.0,3.0,0.0,0.0,0.0,1.0,0.0,0.0,0.0,0.0,0.0,0.0,0.5,0.3611111111111111,2.0,63.0,0.015873015873015872,0.0,0.0,0.1
sqlalchemy/alembic,9c654117a3dafbdc6b5bdc2284f8fd70edce6b9e,2026-09-08T19:06:04+00:00,0,1,2.0,40.0,0.0,3.713572066704308,2.0,1.0,1.0,1.0,0.0,0.0,0.0,0.0,0.0,0.0,0.0,0.0,0.0,1.0,0.0,0.3333333333333333,0.16666666666666666,6.0,65.0,0.015384615384615385,1.0,0.0,0.1
sqlalchemy/alembic,c8ef92166c7e40406b736c034466539dad7c0736,2026-09-09T13:27:09+00:00,1,1,1.0,6.0,0.0,1.9459101490553132,0.0,0.0,0.0,0.0,1.0,0.0,1.0,1.0,0.0,0.0,0.0,1.0,0.0,0.0,0.0,0.0,0.0,0.0,66.0,0.015151515151515152,1.0,0.0,0.1
sqlalchemy/alembic,9e91fb80d3c908bdab8e03d36d687cf858fd16a0,2026-09-09T13:38:58+00:00,0,1,2.0,42.0,6.0,3.8918202981106265,0.0,0.0,0.0,0.0,2.0,0.0,2.0,1.0,0.0,0.0,0.0,1.0,0.0,0.0,0.0,0.0,0.0,0.5,66.0,0.015151515151515152,0.0,0.0,0.1
sqlalchemy/alembic,2fabefd5dcd9a4ae13caa5a933dac604ec8a3e68,2026-09-09T21:34:17+00:00,0,1,4.0,158.0,4.0,5.093750200806762,11.0,1.0,1.0,1.0,2.0,0.0,0.0,0.0,0.0,0.0,0.0,0.0,0.0,1.0,0.0,0.3333333333333333,0.30952380952380953,2.5,68.0,0.029411764705882353,1.0,0.0,0.15
sqlalchemy/alembic,8f8c05cadf0538299e43e3cdc3029b114b2e154b,2026-09-09T21:51:57+00:00,0,1,1.0,481.0,362.0,6.738152494595957,120.0,0.0,0.0,1.0,0.0,0.0,0.0,0.0,0.0,0.0,0.0,0.0,0.0,0.0,0.0,0.25,0.25,8.0,69.0,0.028985507246376812,1.0,0.0,0.15
sqlalchemy/alembic,f873ebc11d9450027c74acd4c15045c06d168aa8,2026-09-10T16:21:07+00:00,0,1,4.0,90.0,2.0,4.532599493153256,7.0,1.0,1.0,2.0,1.0,0.0,0.0,0.0,0.0,0.0,0.0,0.0,0.0,0.0,0.0,0.4,0.13333333333333333,2.5,70.0,0.02857142857142857,1.0,0.0,0.15
sqlalchemy/alembic,8d9929771357e5dd931245b59bd8d71d6d5de883,2026-09-11T18:56:38+00:00,0,1,2.0,55.0,16.0,4.276666119016055,3.0,0.0,0.0,2.0,0.0,0.0,0.0,0.0,0.0,0.0,0.0,0.0,0.0,0.0,0.0,0.2222222222222222,0.1111111111111111,5.5,71.0,0.028169014084507043,1.0,0.0,0.15
sqlalchemy/alembic,6f93f9cffd4ba4aa4cb5b3bc020fb937a3cd1312,2026-09-11T19:10:07+00:00,0,1,2.0,5.0,1.0,1.9459101490553132,0.0,1.0,1.0,0.0,1.0,0.0,0.0,0.0,0.0,0.0,1.0,0.0,0.0,0.0,0.0,0.0,0.0,16.0,72.0,0.027777777777777776,0.0,0.0,0.15
sqlalchemy/alembic,6e594213ba55b9ae9c5a08eca3dfe62474f4f284,2026-09-16T04:56:45+00:00,0,1,1.0,19.0,27.0,3.8501476017100584,2.0,0.0,0.0,1.0,0.0,0.0,0.0,0.0,1.0,0.0,0.0,0.0,1.0,0.0,1.0,0.0,0.0,7.0,0.0,0.0,0.0,0.0,0.15
sqlalchemy/alembic,b42ebe1ff576e02b8bfc9ef1c3c3a5fd1ac41bf4,2026-09-18T17:57:24+00:00,0,1,3.0,35.0,9.0,3.8066624897703196,2.0,1.0,1.0,1.0,1.0,0.0,0.0,0.0,2.0,0.0,0.0,0.0,0.0,0.0,1.0,0.0,0.0,4.666666666666667,1.0,0.0,1.0,0.0,0.15
sqlalchemy/alembic,60ffb5a34ed415aaf0f9b7540b99e9c6d6505cd0,2026-10-01T18:23:35+00:00,0,1,4.0,40.0,26.0,4.204692619390966,6.0,2.0,3.0,1.0,0.0,0.0,0.0,0.0,0.0,0.0,0.0,0.0,1.0,0.0,0.0,0.125,0.0625,3.0,0.0,0.0,0.0,0.0,0.15
